agartala,ahmedabad,3305
ahmedabad,agartala,3305
agartala,bangalore,3824
bangalore,agartala,3824
agartala,bhubaneshwar,2286
bhubaneshwar,agartala,2286
agartala,bombay,3593
bombay,agartala,3593
agartala,calcutta,1863
calcutta,agartala,1863
agartala,chandigarh,2998
chandigarh,agartala,2998
agartala,cochin,4304
cochin,agartala,4304
agartala,delhi,2708
delhi,agartala,2708
agartala,hyderabad,3330
hyderabad,agartala,3330
agartala,indore,2891
indore,agartala,2891
agartala,jaipur,2801
jaipur,agartala,2801
agartala,kanpur,2281
kanpur,agartala,2281
agartala,lucknow,2252
lucknow,agartala,2252
agartala,madras,3493
madras,agartala,3493
agartala,nagpur,2696
nagpur,agartala,2696
agartala,nasik,3365
nasik,agartala,3365
agartala,panjim,3507
panjim,agartala,3507
agartala,patna,1681
patna,agartala,1681
agartala,pondicherry,3661
pondicherry,agartala,3661
agartala,pune,3442
pune,agartala,3442
agra,ahmedabad,878
ahmedabad,agra,878
agra,bangalore,1848
bangalore,agra,1848
agra,bhubaneshwar,1578
bhubaneshwar,agra,1578
agra,bombay,1202
bombay,agra,1202
agra,calcutta,1300
calcutta,agra,1300
agra,chandigarh,448
chandigarh,agra,448
agra,cochin,2278
cochin,agra,2278
agra,delhi,200
delhi,agra,200
agra,hyderabad,1246
hyderabad,agra,1246
agra,indore,591
indore,agra,591
agra,jaipur,230
jaipur,agra,230
agra,kanpur,290
kanpur,agra,290
agra,lucknow,369
lucknow,agra,369
agra,madras,2048
madras,agra,2048
agra,nagpur,770
nagpur,agra,770
agra,nasik,1005
nasik,agra,1005
agra,panjim,1715
panjim,agra,1715
agra,patna,885
patna,agra,885
agra,pondicherry,2210
pondicherry,agra,2210
agra,pune,1214
pune,agra,1214
ahmedabad,bangalore,1490
bangalore,ahmedabad,1490
ahmedabad,bhubaneshwar,1697
bhubaneshwar,ahmedabad,1697
ahmedabad,bombay,552
bombay,ahmedabad,552
ahmedabad,calcutta,2068
calcutta,ahmedabad,2068
ahmedabad,chandigarh,1157
chandigarh,ahmedabad,1157
ahmedabad,cochin,1845
cochin,ahmedabad,1845
ahmedabad,delhi,911
delhi,ahmedabad,911
ahmedabad,hyderabad,1436
hyderabad,ahmedabad,1436
ahmedabad,indore,442
indore,ahmedabad,442
ahmedabad,jaipur,648
jaipur,ahmedabad,648
ahmedabad,kanpur,1168
kanpur,ahmedabad,1168
ahmedabad,lucknow,1247
lucknow,ahmedabad,1247
ahmedabad,madras,1821
madras,ahmedabad,1821
ahmedabad,nagpur,965
nagpur,ahmedabad,965
ahmedabad,nasik,504
nasik,ahmedabad,504
ahmedabad,panjim,1165
panjim,ahmedabad,1165
ahmedabad,patna,1656
patna,ahmedabad,1656
ahmedabad,pondicherry,1818
pondicherry,ahmedabad,1818
ahmedabad,pune,664
pune,ahmedabad,664
allahabad,ahmedabad,1251
ahmedabad,allahabad,1251
allahabad,bangalore,1686
bangalore,allahabad,1686
allahabad,bhubaneshwar,1090
bhubaneshwar,allahabad,1090
allahabad,bombay,1457
bombay,allahabad,1457
allahabad,calcutta,817
calcutta,allahabad,817
allahabad,chandigarh,912
chandigarh,allahabad,912
allahabad,cochin,2216
cochin,allahabad,2216
allahabad,delhi,650
delhi,allahabad,650
allahabad,hyderabad,1084
hyderabad,allahabad,1084
allahabad,indore,803
indore,allahabad,803
allahabad,jaipur,713
jaipur,allahabad,713
allahabad,kanpur,193
kanpur,allahabad,193
allahabad,lucknow,234
lucknow,allahabad,234
allahabad,madras,2011
madras,allahabad,2011
allahabad,nagpur,608
nagpur,allahabad,608
allahabad,nasik,1155
nasik,allahabad,1155
allahabad,panjim,1419
panjim,allahabad,1419
allahabad,patna,402
patna,allahabad,402
allahabad,pondicherry,1077
pondicherry,allahabad,1077
allahabad,pune,1364
pune,allahabad,1364
amritsar,ahmedabad,1356
ahmedabad,amritsar,1356
amritsar,bangalore,2496
bangalore,amritsar,2496
amritsar,bhubaneshwar,2224
bhubaneshwar,amritsar,2224
amritsar,bombay,1849
bombay,amritsar,1849
amritsar,calcutta,1919
calcutta,amritsar,1919
amritsar,chandigarh,239
chandigarh,amritsar,239
amritsar,cochin,3163
cochin,amritsar,3163
amritsar,delhi,445
delhi,amritsar,445
amritsar,hyderabad,1892
hyderabad,amritsar,1892
amritsar,indore,1258
indore,amritsar,1258
amritsar,jaipur,706
jaipur,amritsar,706
amritsar,kanpur,926
kanpur,amritsar,926
amritsar,lucknow,939
lucknow,amritsar,939
amritsar,madras,2688
madras,amritsar,2688
amritsar,nagpur,1416
nagpur,amritsar,1416
amritsar,nasik,1665
nasik,amritsar,1665
amritsar,panjim,2237
panjim,amritsar,2237
amritsar,patna,1531
patna,amritsar,1531
amritsar,pondicherry,2856
pondicherry,amritsar,2856
amritsar,pune,1862
pune,amritsar,1862
asansol,ahmedabad,1842
ahmedabad,asansol,1842
asansol,bangalore,2187
bangalore,asansol,2187
asansol,bhubaneshwar,523
bhubaneshwar,asansol,523
asansol,bombay,2040
bombay,asansol,2040
asansol,calcutta,226
calcutta,asansol,226
asansol,chandigarh,1503
chandigarh,asansol,1503
asansol,cochin,2544
cochin,asansol,2544
asansol,delhi,1262
delhi,asansol,1262
asansol,hyderabad,1693
hyderabad,asansol,1693
asansol,indore,1394
indore,asansol,1394
asansol,jaipur,1304
jaipur,asansol,1304
asansol,kanpur,789
kanpur,asansol,789
asansol,lucknow,825
lucknow,asansol,825
asansol,madras,1857
madras,asansol,1857
asansol,nagpur,1122
nagpur,asansol,1122
asansol,nasik,1746
nasik,asansol,1746
asansol,panjim,2300
panjim,asansol,2300
asansol,patna,395
patna,asansol,395
asansol,pondicherry,2024
pondicherry,asansol,2024
asansol,pune,1955
pune,asansol,1955
bangalore,ahmedabad,1490
ahmedabad,bangalore,1490
bangalore,bhubaneshwar,1538
bhubaneshwar,bangalore,1538
bangalore,bombay,1013
bombay,bangalore,1013
bangalore,calcutta,1961
calcutta,bangalore,1961
bangalore,chandigarh,2296
chandigarh,bangalore,2296
bangalore,cochin,512
cochin,bangalore,512
bangalore,delhi,2049
delhi,bangalore,2049
bangalore,hyderabad,563
hyderabad,bangalore,563
bangalore,indore,1601
indore,bangalore,1601
bangalore,jaipur,2005
jaipur,bangalore,2005
bangalore,kanpur,1855
kanpur,bangalore,1855
bangalore,lucknow,1934
lucknow,bangalore,1934
bangalore,madras,331
madras,bangalore,331
bangalore,nagpur,1078
nagpur,bangalore,1078
bangalore,nasik,1035
nasik,bangalore,1035
bangalore,panjim,440
panjim,bangalore,440
bangalore,patna,2071
patna,bangalore,2071
bangalore,pondicherry,328
pondicherry,bangalore,328
bangalore,pune,826
pune,bangalore,826
baroda,ahmedabad,119
ahmedabad,baroda,119
baroda,bangalore,1408
bangalore,baroda,1408
baroda,bhubaneshwar,1604
bhubaneshwar,baroda,1604
baroda,bombay,433
bombay,baroda,433
baroda,calcutta,1937
calcutta,baroda,1937
baroda,chandigarh,1181
chandigarh,baroda,1181
baroda,cochin,1763
cochin,baroda,1763
baroda,delhi,1151
delhi,baroda,1151
baroda,hyderabad,1127
hyderabad,baroda,1127
baroda,indore,379
indore,baroda,379
baroda,jaipur,789
jaipur,baroda,789
baroda,kanpur,1230
kanpur,baroda,1230
baroda,lucknow,1311
lucknow,baroda,1311
baroda,madras,1739
madras,baroda,1739
baroda,nagpur,774
nagpur,baroda,774
baroda,nasik,457
nasik,baroda,457
baroda,panjim,1158
panjim,baroda,1158
baroda,patna,1582
patna,baroda,1582
baroda,pondicherry,1735
pondicherry,baroda,1735
baroda,pune,545
pune,baroda,545
bhopal,ahmedabad,523
ahmedabad,bhopal,523
bhopal,bangalore,1148
bangalore,bhopal,1148
bhopal,bhubaneshwar,1162
bhubaneshwar,bhopal,1162
bhopal,bombay,778
bombay,bhopal,778
bhopal,calcutta,1495
calcutta,bhopal,1495
bhopal,chandigarh,988
chandigarh,bhopal,988
bhopal,cochin,1995
cochin,bhopal,1995
bhopal,delhi,742
delhi,bhopal,742
bhopal,hyderabad,808
hyderabad,bhopal,808
bhopal,indore,191
indore,bhopal,191
bhopal,jaipur,596
jaipur,bhopal,596
bhopal,kanpur,585
kanpur,bhopal,585
bhopal,lucknow,664
lucknow,bhopal,664
bhopal,madras,1604
madras,bhopal,1604
bhopal,nagpur,352
nagpur,bhopal,352
bhopal,nasik,605
nasik,bhopal,605
bhopal,panjim,1143
panjim,bhopal,1143
bhopal,patna,1016
patna,bhopal,1016
bhopal,pondicherry,1772
pondicherry,bhopal,1772
bhopal,pune,814
pune,bhopal,814
bhubaneshwar,ahmedabad,1647
ahmedabad,bhubaneshwar,1647
bhubaneshwar,bangalore,1538
bangalore,bhubaneshwar,1538
bhubaneshwar,bombay,1679
bombay,bhubaneshwar,1679
bhubaneshwar,calcutta,423
calcutta,bhubaneshwar,423
bhubaneshwar,chandigarh,2026
chandigarh,bhubaneshwar,2026
bhubaneshwar,cochin,1895
cochin,bhubaneshwar,1895
bhubaneshwar,delhi,1713
delhi,bhubaneshwar,1713
bhubaneshwar,hyderabad,1044
hyderabad,bhubaneshwar,1044
bhubaneshwar,indore,1355
indore,bhubaneshwar,1355
bhubaneshwar,jaipur,1758
jaipur,bhubaneshwar,1758
bhubaneshwar,kanpur,1283
kanpur,bhubaneshwar,1283
bhubaneshwar,lucknow,1254
lucknow,bhubaneshwar,1254
bhubaneshwar,madras,1207
madras,bhubaneshwar,1207
bhubaneshwar,nagpur,830
nagpur,bhubaneshwar,830
bhubaneshwar,nasik,1516
nasik,bhubaneshwar,1516
bhubaneshwar,panjim,1455
panjim,bhubaneshwar,1455
bhubaneshwar,patna,862
patna,bhubaneshwar,862
bhubaneshwar,pondicherry,1375
pondicherry,bhubaneshwar,1375
bhubaneshwar,pune,1587
pune,bhubaneshwar,1587
bombay,ahmedabad,552
ahmedabad,bombay,552
bombay,bangalore,1013
bangalore,bombay,1013
bombay,bhubaneshwar,1678
bhubaneshwar,bombay,1678
bombay,calcutta,2012
calcutta,bombay,2012
bombay,chandigarh,1645
chandigarh,bombay,1645
bombay,cochin,1368
cochin,bombay,1368
bombay,delhi,1404
delhi,bombay,1404
bombay,hyderabad,729
hyderabad,bombay,729
bombay,indore,589
indore,bombay,589
bombay,jaipur,1148
jaipur,bombay,1148
bombay,kanpur,1278
kanpur,bombay,1278
bombay,lucknow,1366
lucknow,bombay,1366
bombay,madras,1344
madras,bombay,1344
bombay,nagpur,849
nagpur,bombay,849
bombay,nasik,197
nasik,bombay,197
bombay,panjim,584
panjim,bombay,584
bombay,patna,1856
patna,bombay,1856
bombay,pondicherry,1452
pondicherry,bombay,1452
bombay,pune,184
pune,bombay,184
calcutta,ahmedabad,2068
ahmedabad,calcutta,2068
calcutta,bangalore,1461
bangalore,calcutta,1461
calcutta,bhubaneshwar,423
bhubaneshwar,calcutta,423
calcutta,bombay,2012
bombay,calcutta,2012
calcutta,chandigarh,1721
chandigarh,calcutta,1721
calcutta,cochin,2318
cochin,calcutta,2318
calcutta,delhi,1474
delhi,calcutta,1474
calcutta,hyderabad,1467
hyderabad,calcutta,1467
calcutta,indore,1620
indore,calcutta,1620
calcutta,jaipur,1530
jaipur,calcutta,1530
calcutta,kanpur,1010
kanpur,calcutta,1010
calcutta,lucknow,1089
lucknow,calcutta,1089
calcutta,madras,1160
madras,calcutta,1160
calcutta,nagpur,1163
nagpur,calcutta,1163
calcutta,nasik,1849
nasik,calcutta,1849
calcutta,panjim,974
panjim,calcutta,974
calcutta,patna,621
patna,calcutta,621
calcutta,pondicherry,1798
pondicherry,calcutta,1798
calcutta,pune,2058
pune,calcutta,2058
calicut,ahmedabad,1648
ahmedabad,calicut,1648
calicut,bangalore,520
bangalore,calicut,520
calicut,bhubaneshwar,1923
bhubaneshwar,calicut,1923
calicut,bombay,1171
bombay,calicut,1171
calicut,calcutta,2346
calcutta,calicut,2346
calicut,chandigarh,2741
chandigarh,calicut,2741
calicut,cochin,222
cochin,calicut,222
calicut,delhi,2494
delhi,calicut,2494
calicut,hyderabad,910
hyderabad,calicut,910
calicut,indore,1998
indore,calicut,1998
calicut,jaipur,2523
jaipur,calicut,2523
calicut,kanpur,2260
kanpur,calicut,2260
calicut,lucknow,2339
lucknow,calicut,2339
calicut,madras,715
madras,calicut,715
calicut,nagpur,1483
nagpur,calicut,1483
calicut,nasik,1193
nasik,calicut,1193
calicut,panjim,576
panjim,calicut,576
calicut,patna,2476
patna,calicut,2476
calicut,pondicherry,566
pondicherry,calicut,566
calicut,pune,984
pune,calicut,984
chandigarh,ahmedabad,1157
ahmedabad,chandigarh,1157
chandigarh,bangalore,2296
bangalore,chandigarh,2296
chandigarh,bhubaneshwar,2026
bhubaneshwar,chandigarh,2026
chandigarh,bombay,1645
bombay,chandigarh,1645
chandigarh,calcutta,1721
calcutta,chandigarh,1721
chandigarh,cochin,1965
cochin,chandigarh,1965
chandigarh,delhi,248
delhi,chandigarh,248
chandigarh,hyderabad,1693
hyderabad,chandigarh,1693
chandigarh,indore,1052
indore,chandigarh,1052
chandigarh,jaipur,507
jaipur,chandigarh,507
chandigarh,kanpur,661
kanpur,chandigarh,661
chandigarh,lucknow,740
lucknow,chandigarh,740
chandigarh,madras,2489
madras,chandigarh,2489
chandigarh,nagpur,1217
nagpur,chandigarh,1217
chandigarh,nasik,1466
nasik,chandigarh,1466
chandigarh,panjim,2028
panjim,chandigarh,2028
chandigarh,patna,1332
patna,chandigarh,1332
chandigarh,pondicherry,2657
pondicherry,chandigarh,2657
chandigarh,pune,1663
pune,chandigarh,1663
cochin,ahmedabad,1845
ahmedabad,cochin,1845
cochin,bangalore,512
bangalore,cochin,512
cochin,bhubaneshwar,1895
bhubaneshwar,cochin,1895
cochin,bombay,1368
bombay,cochin,1368
cochin,calcutta,2318
calcutta,cochin,2318
cochin,chandigarh,1965
chandigarh,cochin,1965
cochin,delhi,2718
delhi,cochin,2718
cochin,hyderabad,1090
hyderabad,cochin,1090
cochin,indore,1804
indore,cochin,1804
cochin,jaipur,2745
jaipur,cochin,2745
cochin,kanpur,2385
kanpur,cochin,2385
cochin,lucknow,2572
lucknow,cochin,2572
cochin,madras,687
madras,cochin,687
cochin,nagpur,1608
nagpur,cochin,1608
cochin,nasik,1390
nasik,cochin,1390
cochin,panjim,798
panjim,cochin,798
cochin,patna,2601
patna,cochin,2601
cochin,pondicherry,530
pondicherry,cochin,530
cochin,pune,1181
pune,cochin,1181
coimbatore,ahmedabad,1669
ahmedabad,coimbatore,1669
coimbatore,bangalore,333
bangalore,coimbatore,333
coimbatore,bhubaneshwar,1633
bhubaneshwar,coimbatore,1633
coimbatore,bombay,1192
bombay,coimbatore,1192
coimbatore,calcutta,2057
calcutta,coimbatore,2057
coimbatore,chandigarh,2669
chandigarh,coimbatore,2669
coimbatore,cochin,195
cochin,coimbatore,195
coimbatore,delhi,2412
delhi,coimbatore,2412
coimbatore,hyderabad,912
hyderabad,coimbatore,912
coimbatore,indore,1964
indore,coimbatore,1964
coimbatore,jaipur,2369
jaipur,coimbatore,2369
coimbatore,kanpur,2218
kanpur,coimbatore,2218
coimbatore,lucknow,2297
lucknow,coimbatore,2297
coimbatore,madras,426
madras,coimbatore,426
coimbatore,nagpur,1441
nagpur,coimbatore,1441
coimbatore,nasik,1214
nasik,coimbatore,1214
coimbatore,panjim,800
panjim,coimbatore,800
coimbatore,patna,2434
patna,coimbatore,2434
coimbatore,pondicherry,410
pondicherry,coimbatore,410
coimbatore,pune,1005
pune,coimbatore,1005
delhi,ahmedabad,911
ahmedabad,delhi,911
delhi,bangalore,2049
bangalore,delhi,2049
delhi,bhubaneshwar,1713
bhubaneshwar,delhi,1713
delhi,bombay,1404
bombay,delhi,1404
delhi,calcutta,1474
calcutta,delhi,1474
delhi,chandigarh,248
chandigarh,delhi,248
delhi,cochin,2718
cochin,delhi,2718
delhi,hyderabad,1477
hyderabad,delhi,1477
delhi,indore,806
indore,delhi,806
delhi,jaipur,263
jaipur,delhi,263
delhi,kanpur,481
kanpur,delhi,481
delhi,lucknow,499
lucknow,delhi,499
delhi,madras,2243
madras,delhi,2243
delhi,nagpur,971
nagpur,delhi,971
delhi,nasik,1220
nasik,delhi,1220
delhi,panjim,1782
panjim,delhi,1782
delhi,patna,1086
patna,delhi,1086
delhi,pondicherry,2411
pondicherry,delhi,2411
delhi,pune,1417
pune,delhi,1417
gwalior,ahmedabad,919
ahmedabad,gwalior,919
gwalior,bangalore,1734
bangalore,gwalior,1734
gwalior,bhubaneshwar,1486
bhubaneshwar,gwalior,1486
gwalior,bombay,1085
bombay,gwalior,1085
gwalior,calcutta,1224
calcutta,gwalior,1224
gwalior,chandigarh,462
chandigarh,gwalior,462
gwalior,cochin,1881
cochin,gwalior,1881
gwalior,delhi,315
delhi,gwalior,315
gwalior,hyderabad,1132
hyderabad,gwalior,1132
gwalior,indore,497
indore,gwalior,497
gwalior,jaipur,351
jaipur,gwalior,351
gwalior,kanpur,280
kanpur,gwalior,280
gwalior,lucknow,359
lucknow,gwalior,359
gwalior,madras,1928
madras,gwalior,1928
gwalior,nagpur,656
nagpur,gwalior,656
gwalior,nasik,891
nasik,gwalior,891
gwalior,panjim,1467
panjim,gwalior,1467
gwalior,patna,809
patna,gwalior,809
gwalior,pondicherry,2096
pondicherry,gwalior,2096
gwalior,pune,1100
pune,gwalior,1100
hubli,ahmedabad,1101
ahmedabad,hubli,1101
hubli,bangalore,391
bangalore,hubli,391
hubli,bhubaneshwar,1620
bhubaneshwar,hubli,1620
hubli,bombay,614
bombay,hubli,614
hubli,calcutta,2032
calcutta,hubli,2032
hubli,chandigarh,2101
chandigarh,hubli,2101
hubli,cochin,774
cochin,hubli,774
hubli,delhi,1854
delhi,hubli,1854
hubli,hyderabad,486
hyderabad,hubli,486
hubli,indore,1060
indore,hubli,1060
hubli,jaipur,1060
jaipur,hubli,1060
hubli,kanpur,1772
kanpur,hubli,1772
hubli,lucknow,1851
lucknow,hubli,1851
hubli,madras,683
madras,hubli,683
hubli,nagpur,995
nagpur,hubli,995
hubli,nasik,646
nasik,hubli,646
hubli,panjim,190
panjim,hubli,190
hubli,patna,1998
patna,hubli,1998
hubli,pondicherry,653
pondicherry,hubli,653
hubli,pune,437
pune,hubli,437
hyderabad,ahmedabad,1436
ahmedabad,hyderabad,1436
hyderabad,bangalore,563
bangalore,hyderabad,563
hyderabad,bhubaneshwar,1044
bhubaneshwar,hyderabad,1044
hyderabad,bombay,729
bombay,hyderabad,729
hyderabad,calcutta,1467
calcutta,hyderabad,1467
hyderabad,chandigarh,1693
chandigarh,hyderabad,1693
hyderabad,cochin,1090
cochin,hyderabad,1090
hyderabad,delhi,1447
delhi,hyderabad,1447
hyderabad,indore,999
indore,hyderabad,999
hyderabad,jaipur,1404
jaipur,hyderabad,1404
hyderabad,kanpur,1253
kanpur,hyderabad,1253
hyderabad,lucknow,1332
lucknow,hyderabad,1332
hyderabad,madras,699
madras,hyderabad,699
hyderabad,nagpur,476
nagpur,hyderabad,476
hyderabad,nasik,754
nasik,hyderabad,754
hyderabad,panjim,765
panjim,hyderabad,765
hyderabad,patna,1469
patna,hyderabad,1469
hyderabad,pondicherry,865
pondicherry,hyderabad,865
hyderabad,pune,545
pune,hyderabad,545
imphal,ahmedabad,3240
ahmedabad,imphal,3240
imphal,bangalore,3677
bangalore,imphal,3677
imphal,bhubaneshwar,2139
bhubaneshwar,imphal,2139
imphal,bombay,3446
bombay,imphal,3446
imphal,calcutta,1717
calcutta,imphal,1717
imphal,chandigarh,2851
chandigarh,imphal,2851
imphal,cochin,4156
cochin,imphal,4156
imphal,delhi,2561
delhi,imphal,2561
imphal,hyderabad,3283
hyderabad,imphal,3283
imphal,indore,2744
indore,imphal,2744
imphal,jaipur,2654
jaipur,imphal,2654
imphal,kanpur,2134
kanpur,imphal,2134
imphal,lucknow,2105
lucknow,imphal,2105
imphal,madras,3326
madras,imphal,3326
imphal,nagpur,2549
nagpur,imphal,2549
imphal,nasik,3218
nasik,imphal,3218
imphal,panjim,3360
panjim,imphal,3360
imphal,patna,1534
patna,imphal,1534
imphal,pondicherry,3614
pondicherry,imphal,3614
imphal,pune,3295
pune,imphal,3295
indore,ahmedabad,442
ahmedabad,indore,442
indore,bangalore,1601
bangalore,indore,1601
indore,bhubaneshwar,1355
bhubaneshwar,indore,1355
indore,bombay,589
bombay,indore,589
indore,calcutta,1620
calcutta,indore,1620
indore,chandigarh,1052
chandigarh,indore,1052
indore,cochin,1804
cochin,indore,1804
indore,delhi,806
delhi,indore,806
indore,hyderabad,999
hyderabad,indore,999
indore,jaipur,405
jaipur,indore,405
indore,kanpur,689
kanpur,indore,689
indore,lucknow,768
lucknow,indore,768
indore,madras,1795
madras,indore,1795
indore,nagpur,445
nagpur,indore,445
indore,nasik,414
nasik,indore,414
indore,panjim,1115
panjim,indore,1115
indore,patna,1205
patna,indore,1205
indore,pondicherry,1963
pondicherry,indore,1963
indore,pune,623
pune,indore,623
jabalpur,ahmedabad,901
ahmedabad,jabalpur,901
jabalpur,bangalore,1335
bangalore,jabalpur,1335
jabalpur,bhubaneshwar,1087
bhubaneshwar,jabalpur,1087
jabalpur,bombay,1143
bombay,jabalpur,1143
jabalpur,calcutta,1167
calcutta,jabalpur,1167
jabalpur,chandigarh,1046
chandigarh,jabalpur,1046
jabalpur,cochin,1885
cochin,jabalpur,1885
jabalpur,delhi,800
delhi,jabalpur,800
jabalpur,hyderabad,733
hyderabad,jabalpur,733
jabalpur,indore,859
indore,jabalpur,859
jabalpur,jaipur,845
jaipur,jabalpur,845
jabalpur,kanpur,543
kanpur,jabalpur,543
jabalpur,lucknow,584
lucknow,jabalpur,584
jabalpur,madras,1529
madras,jabalpur,1529
jabalpur,nagpur,257
nagpur,jabalpur,257
jabalpur,nasik,943
nasik,jabalpur,943
jabalpur,panjim,1088
panjim,jabalpur,1088
jabalpur,patna,736
patna,jabalpur,736
jabalpur,pondicherry,1697
pondicherry,jabalpur,1697
jabalpur,pune,1003
pune,jabalpur,1003
jaipur,ahmedabad,648
ahmedabad,jaipur,648
jaipur,bangalore,2005
bangalore,jaipur,2005
jaipur,bhubaneshwar,1758
bhubaneshwar,jaipur,1758
jaipur,bombay,1148
bombay,jaipur,1148
jaipur,calcutta,1530
calcutta,jaipur,1530
jaipur,chandigarh,507
chandigarh,jaipur,507
jaipur,cochin,2745
cochin,jaipur,2745
jaipur,delhi,263
delhi,jaipur,263
jaipur,hyderabad,1404
hyderabad,jaipur,1404
jaipur,indore,405
indore,jaipur,405
jaipur,kanpur,517
kanpur,jaipur,517
jaipur,lucknow,598
lucknow,jaipur,598
jaipur,madras,2200
madras,jaipur,2200
jaipur,nagpur,928
nagpur,jaipur,928
jaipur,nasik,1248
nasik,jaipur,1248
jaipur,panjim,2496
panjim,jaipur,2496
jaipur,patna,1115
patna,jaipur,1115
jaipur,pondicherry,2368
pondicherry,jaipur,2368
jaipur,pune,1371
pune,jaipur,1371
jamshedpur,ahmedabad,1225
ahmedabad,jamshedpur,1225
jamshedpur,bangalore,1690
bangalore,jamshedpur,1690
jamshedpur,bhubaneshwar,422
bhubaneshwar,jamshedpur,422
jamshedpur,bombay,1916
bombay,jamshedpur,1916
jamshedpur,calcutta,268
calcutta,jamshedpur,268
jamshedpur,chandigarh,1602
chandigarh,jamshedpur,1602
jamshedpur,cochin,2710
cochin,jamshedpur,2710
jamshedpur,delhi,1356
delhi,jamshedpur,1356
jamshedpur,hyderabad,1578
hyderabad,jamshedpur,1578
jamshedpur,indore,1477
indore,jamshedpur,1477
jamshedpur,jaipur,1387
jaipur,jamshedpur,1387
jamshedpur,kanpur,867
kanpur,jamshedpur,867
jamshedpur,lucknow,1121
lucknow,jamshedpur,1121
jamshedpur,madras,1629
madras,jamshedpur,1629
jamshedpur,nagpur,1102
nagpur,jamshedpur,1102
jamshedpur,nasik,1788
nasik,jamshedpur,1788
jamshedpur,panjim,2229
panjim,jamshedpur,2229
jamshedpur,patna,473
patna,jamshedpur,473
jamshedpur,pondicherry,1797
pondicherry,jamshedpur,1797
jamshedpur,pune,1997
pune,jamshedpur,1997
jullundur,ahmedabad,1285
ahmedabad,jullundur,1285
jullundur,bangalore,2416
bangalore,jullundur,2416
jullundur,bhubaneshwar,2413
bhubaneshwar,jullundur,2413
jullundur,bombay,1778
bombay,jullundur,1778
jullundur,calcutta,1869
calcutta,jullundur,1869
jullundur,chandigarh,154
chandigarh,jullundur,154
jullundur,cochin,3082
cochin,jullundur,3082
jullundur,delhi,375
delhi,jullundur,375
jullundur,hyderabad,1821
hyderabad,jullundur,1821
jullundur,indore,1171
indore,jullundur,1171
jullundur,jaipur,891
jaipur,jullundur,891
jullundur,kanpur,855
kanpur,jullundur,855
jullundur,lucknow,868
lucknow,jullundur,868
jullundur,madras,2617
madras,jullundur,2617
jullundur,nagpur,1354
nagpur,jullundur,1354
jullundur,nasik,1591
nasik,jullundur,1591
jullundur,panjim,2146
panjim,jullundur,2146
jullundur,patna,1460
patna,jullundur,1460
jullundur,pondicherry,2785
pondicherry,jullundur,2785
jullundur,pune,1791
pune,jullundur,1791
kanpur,ahmedabad,1168
ahmedabad,kanpur,1168
kanpur,bangalore,1855
bangalore,kanpur,1855
kanpur,bhubaneshwar,1283
bhubaneshwar,kanpur,1283
kanpur,bombay,1278
bombay,kanpur,1278
kanpur,calcutta,1010
calcutta,kanpur,1010
kanpur,chandigarh,661
chandigarh,kanpur,661
kanpur,cochin,2385
cochin,kanpur,2385
kanpur,delhi,481
delhi,kanpur,481
kanpur,hyderabad,1253
hyderabad,kanpur,1253
kanpur,indore,689
indore,kanpur,689
kanpur,jaipur,517
jaipur,kanpur,517
kanpur,lucknow,79
lucknow,kanpur,79
kanpur,madras,2049
madras,kanpur,2049
kanpur,nagpur,777
nagpur,kanpur,777
kanpur,nasik,1103
nasik,kanpur,1103
kanpur,panjim,1813
panjim,kanpur,1813
kanpur,patna,596
patna,kanpur,596
kanpur,pondicherry,2217
pondicherry,kanpur,2217
kanpur,pune,1312
pune,kanpur,1312
kolhapur,ahmedabad,911
ahmedabad,kolhapur,911
kolhapur,bangalore,484
bangalore,kolhapur,484
kolhapur,bhubaneshwar,1622
bhubaneshwar,kolhapur,1622
kolhapur,bombay,426
bombay,kolhapur,426
kolhapur,calcutta,2045
calcutta,kolhapur,2045
kolhapur,chandigarh,1910
chandigarh,kolhapur,1910
kolhapur,cochin,934
cochin,kolhapur,934
kolhapur,delhi,1664
delhi,kolhapur,1664
kolhapur,hyderabad,578
hyderabad,kolhapur,578
kolhapur,indore,870
indore,kolhapur,870
kolhapur,jaipur,1518
jaipur,kolhapur,1518
kolhapur,kanpur,1779
kanpur,kolhapur,1779
kolhapur,lucknow,1858
lucknow,kolhapur,1858
kolhapur,madras,910
madras,kolhapur,910
kolhapur,nagpur,1050
nagpur,kolhapur,1050
kolhapur,nasik,456
nasik,kolhapur,456
kolhapur,panjim,254
panjim,kolhapur,254
kolhapur,patna,2047
patna,kolhapur,2047
kolhapur,pondicherry,907
pondicherry,kolhapur,907
kolhapur,pune,247
pune,kolhapur,247
lucknow,ahmedabad,1247
ahmedabad,lucknow,1247
lucknow,bangalore,1934
bangalore,lucknow,1934
lucknow,bhubaneshwar,1254
bhubaneshwar,lucknow,1254
lucknow,bombay,1366
bombay,lucknow,1366
lucknow,calcutta,1089
calcutta,lucknow,1089
lucknow,chandigarh,740
chandigarh,lucknow,740
lucknow,cochin,2572
cochin,lucknow,2572
lucknow,delhi,499
delhi,lucknow,499
lucknow,hyderabad,1332
hyderabad,lucknow,1332
lucknow,indore,768
indore,lucknow,768
lucknow,jaipur,598
jaipur,lucknow,598
lucknow,kanpur,79
kanpur,lucknow,79
lucknow,madras,2128
madras,lucknow,2128
lucknow,nagpur,856
nagpur,lucknow,856
lucknow,nasik,1182
nasik,lucknow,1182
lucknow,panjim,1883
panjim,lucknow,1883
lucknow,patna,566
patna,lucknow,566
lucknow,pondicherry,2296
pondicherry,lucknow,2296
lucknow,pune,1391
pune,lucknow,1391
ludhiana,ahmedabad,1220
ahmedabad,ludhiana,1220
ludhiana,bangalore,2358
bangalore,ludhiana,2358
ludhiana,bhubaneshwar,2088
bhubaneshwar,ludhiana,2088
ludhiana,bombay,1770
bombay,ludhiana,1770
ludhiana,calcutta,1783
calcutta,ludhiana,1783
ludhiana,chandigarh,105
chandigarh,ludhiana,105
ludhiana,cochin,3027
cochin,ludhiana,3027
ludhiana,delhi,310
delhi,ludhiana,310
ludhiana,hyderabad,1756
hyderabad,ludhiana,1756
ludhiana,indore,1115
indore,ludhiana,1115
ludhiana,jaipur,570
jaipur,ludhiana,570
ludhiana,kanpur,790
kanpur,ludhiana,790
ludhiana,lucknow,803
lucknow,ludhiana,803
ludhiana,madras,2552
madras,ludhiana,2552
ludhiana,nagpur,1280
nagpur,ludhiana,1280
ludhiana,nasik,1528
nasik,ludhiana,1528
ludhiana,panjim,2091
panjim,ludhiana,2091
ludhiana,patna,1395
patna,ludhiana,1395
ludhiana,pondicherry,2720
pondicherry,ludhiana,2720
ludhiana,pune,1726
pune,ludhiana,1726
madras,ahmedabad,1821
ahmedabad,madras,1821
madras,bangalore,331
bangalore,madras,331
madras,bhubaneshwar,1207
bhubaneshwar,madras,1207
madras,bombay,1344
bombay,madras,1344
madras,calcutta,1630
calcutta,madras,1630
madras,chandigarh,2489
chandigarh,madras,2489
madras,cochin,687
cochin,madras,687
madras,delhi,2243
delhi,madras,2243
madras,hyderabad,699
hyderabad,madras,699
madras,indore,1795
indore,madras,1795
madras,jaipur,2200
jaipur,madras,2200
madras,kanpur,2049
kanpur,madras,2049
madras,lucknow,2128
lucknow,madras,2128
madras,nagpur,1272
nagpur,madras,1272
madras,nasik,1366
nasik,madras,1366
madras,panjim,909
panjim,madras,909
madras,patna,2096
patna,madras,2096
madras,pondicherry,168
pondicherry,madras,168
madras,pune,1157
pune,madras,1157
madurai,ahmedabad,1922
ahmedabad,madurai,1922
madurai,bangalore,432
bangalore,madurai,432
madurai,bhubaneshwar,1687
bhubaneshwar,madurai,1687
madurai,bombay,1458
bombay,madurai,1458
madurai,calcutta,2110
calcutta,madurai,2110
madurai,chandigarh,2785
chandigarh,madurai,2785
madurai,cochin,326
cochin,madurai,326
madurai,delhi,2539
delhi,madurai,2539
madurai,hyderabad,995
hyderabad,madurai,995
madurai,indore,2091
indore,madurai,2091
madurai,jaipur,2496
jaipur,madurai,2496
madurai,kanpur,2345
kanpur,madurai,2345
madurai,lucknow,2424
lucknow,madurai,2424
madurai,madras,480
madras,madurai,480
madurai,nagpur,1568
nagpur,madurai,1568
madurai,nasik,1467
nasik,madurai,1467
madurai,panjim,872
panjim,madurai,872
madurai,patna,2561
patna,madurai,2561
madurai,pondicherry,333
pondicherry,madurai,333
madurai,pune,1238
pune,madurai,1238
meerut,ahmedabad,1092
ahmedabad,meerut,1092
meerut,bangalore,2072
bangalore,meerut,2072
meerut,bhubaneshwar,1822
bhubaneshwar,meerut,1822
meerut,bombay,1468
bombay,meerut,1468
meerut,calcutta,1497
calcutta,meerut,1497
meerut,chandigarh,381
chandigarh,meerut,381
meerut,cochin,2741
cochin,meerut,2741
meerut,delhi,66
delhi,meerut,66
meerut,hyderabad,1470
hyderabad,meerut,1470
meerut,indore,815
indore,meerut,815
meerut,jaipur,327
jaipur,meerut,327
meerut,kanpur,537
kanpur,meerut,537
meerut,lucknow,453
lucknow,meerut,453
meerut,madras,2266
madras,meerut,2266
meerut,nagpur,994
nagpur,meerut,994
meerut,nasik,1242
nasik,meerut,1242
meerut,panjim,1805
panjim,meerut,1805
meerut,patna,934
patna,meerut,934
meerut,pondicherry,2434
pondicherry,meerut,2434
meerut,pune,1440
pune,meerut,1440
nagpur,ahmedabad,965
ahmedabad,nagpur,965
nagpur,bangalore,1078
bangalore,nagpur,1078
nagpur,bhubaneshwar,830
bhubaneshwar,nagpur,830
nagpur,bombay,849
bombay,nagpur,849
nagpur,calcutta,1163
calcutta,nagpur,1163
nagpur,chandigarh,1217
chandigarh,nagpur,1217
nagpur,cochin,1608
cochin,nagpur,1608
nagpur,delhi,971
delhi,nagpur,971
nagpur,hyderabad,476
hyderabad,nagpur,476
nagpur,indore,445
indore,nagpur,445
nagpur,jaipur,928
jaipur,nagpur,928
nagpur,kanpur,777
kanpur,nagpur,777
nagpur,lucknow,856
lucknow,nagpur,856
nagpur,madras,1272
madras,nagpur,1272
nagpur,nasik,700
nasik,nagpur,700
nagpur,panjim,1247
panjim,nagpur,1247
nagpur,patna,993
patna,nagpur,993
nagpur,pondicherry,1440
pondicherry,nagpur,1440
nagpur,pune,909
pune,nagpur,909
nasik,ahmedabad,504
ahmedabad,nasik,504
nasik,bangalore,1036
bangalore,nasik,1036
nasik,bhubaneshwar,1516
bhubaneshwar,nasik,1516
nasik,bombay,197
bombay,nasik,197
nasik,calcutta,1849
calcutta,nasik,1849
nasik,chandigarh,1466
chandigarh,nasik,1466
nasik,cochin,1390
cochin,nasik,1390
nasik,delhi,1220
delhi,nasik,1220
nasik,hyderabad,754
hyderabad,nasik,754
nasik,indore,414
indore,nasik,414
nasik,jaipur,1246
jaipur,nasik,1246
nasik,kanpur,1103
kanpur,nasik,1103
nasik,lucknow,1182
lucknow,nasik,1182
nasik,madras,1366
madras,nasik,1366
nasik,nagpur,700
nagpur,nasik,700
nasik,panjim,701
panjim,nasik,701
nasik,patna,1679
patna,nasik,1679
nasik,pondicherry,1363
pondicherry,nasik,1363
nasik,pune,209
pune,nasik,209
panjim,ahmedabad,1165
ahmedabad,panjim,1165
panjim,bangalore,440
bangalore,panjim,440
panjim,bhubaneshwar,1455
bhubaneshwar,panjim,1455
panjim,bombay,584
bombay,panjim,584
panjim,calcutta,974
calcutta,panjim,974
panjim,chandigarh,2028
chandigarh,panjim,2028
panjim,cochin,798
cochin,panjim,798
panjim,delhi,1782
delhi,panjim,1782
panjim,hyderabad,765
hyderabad,panjim,765
panjim,indore,1115
indore,panjim,1115
panjim,jaipur,2496
jaipur,panjim,2496
panjim,kanpur,1813
kanpur,panjim,1813
panjim,lucknow,1883
lucknow,panjim,1883
panjim,madras,909
madras,panjim,909
panjim,nagpur,1247
nagpur,panjim,1247
panjim,nasik,701
nasik,panjim,701
panjim,patna,1804
patna,panjim,1804
panjim,pondicherry,739
pondicherry,panjim,739
panjim,pune,501
pune,panjim,501
patna,ahmedabad,1656
ahmedabad,patna,1656
patna,bangalore,2071
bangalore,patna,2071
patna,bhubaneshwar,862
bhubaneshwar,patna,862
patna,bombay,1856
bombay,patna,1856
patna,calcutta,621
calcutta,patna,621
patna,chandigarh,1332
chandigarh,patna,1332
patna,cochin,2601
cochin,patna,2601
patna,delhi,1086
delhi,patna,1086
patna,hyderabad,1489
hyderabad,patna,1489
patna,indore,1205
indore,patna,1205
patna,jaipur,1115
jaipur,patna,1115
patna,kanpur,595
kanpur,patna,595
patna,lucknow,566
lucknow,patna,566
patna,madras,2096
madras,patna,2096
patna,nagpur,993
nagpur,patna,993
patna,nasik,1679
nasik,patna,1679
patna,panjim,1804
panjim,patna,1804
patna,pondicherry,2264
pondicherry,patna,2264
patna,pune,1738
pune,patna,1738
pondicherry,ahmedabad,1818
ahmedabad,pondicherry,1818
pondicherry,bangalore,328
bangalore,pondicherry,328
pondicherry,bhubaneshwar,1375
bhubaneshwar,pondicherry,1375
pondicherry,bombay,1452
bombay,pondicherry,1452
pondicherry,calcutta,1798
calcutta,pondicherry,1798
pondicherry,chandigarh,2657
chandigarh,pondicherry,2657
pondicherry,cochin,530
cochin,pondicherry,530
pondicherry,delhi,2411
delhi,pondicherry,2411
pondicherry,hyderabad,867
hyderabad,pondicherry,867
pondicherry,indore,1963
indore,pondicherry,1963
pondicherry,jaipur,2368
jaipur,pondicherry,2368
pondicherry,kanpur,2217
kanpur,pondicherry,2217
pondicherry,lucknow,2296
lucknow,pondicherry,2296
pondicherry,madras,168
madras,pondicherry,168
pondicherry,nagpur,1440
nagpur,pondicherry,1440
pondicherry,nasik,1363
nasik,pondicherry,1363
pondicherry,panjim,739
panjim,pondicherry,739
pondicherry,patna,2264
patna,pondicherry,2264
pondicherry,pune,1154
pune,pondicherry,1154
pune,ahmedabad,664
ahmedabad,pune,664
pune,bangalore,826
bangalore,pune,826
pune,bhubaneshwar,1587
bhubaneshwar,pune,1587
pune,bombay,184
bombay,pune,184
pune,calcutta,2058
calcutta,pune,2058
pune,chandigarh,1663
chandigarh,pune,1663
pune,cochin,1181
cochin,pune,1181
pune,delhi,1417
delhi,pune,1417
pune,hyderabad,545
hyderabad,pune,545
pune,indore,623
indore,pune,623
pune,jaipur,1371
jaipur,pune,1371
pune,kanpur,1312
kanpur,pune,1312
pune,lucknow,1391
lucknow,pune,1391
pune,madras,1157
madras,pune,1157
pune,nagpur,909
nagpur,pune,909
pune,nasik,209
nasik,pune,209
pune,panjim,501
panjim,pune,501
pune,patna,1738
patna,pune,1738
pune,pondicherry,1154
pondicherry,pune,1154
ranchi,ahmedabad,1781
ahmedabad,ranchi,1781
ranchi,bangalore,2098
bangalore,ranchi,2098
ranchi,bhubaneshwar,560
bhubaneshwar,ranchi,560
ranchi,bombay,1816
bombay,ranchi,1816
ranchi,calcutta,414
calcutta,ranchi,414
ranchi,chandigarh,1480
chandigarh,ranchi,1480
ranchi,cochin,2455
cochin,ranchi,2455
ranchi,delhi,1214
delhi,ranchi,1214
ranchi,hyderabad,1434
hyderabad,ranchi,1434
ranchi,indore,1333
indore,ranchi,1333
ranchi,jaipur,1243
jaipur,ranchi,1243
ranchi,kanpur,723
kanpur,ranchi,723
ranchi,lucknow,912
lucknow,ranchi,912
ranchi,madras,1767
madras,ranchi,1767
ranchi,nagpur,958
nagpur,ranchi,958
ranchi,nasik,1615
nasik,ranchi,1615
ranchi,panjim,1630
panjim,ranchi,1630
ranchi,patna,302
patna,ranchi,302
ranchi,pondicherry,1935
pondicherry,ranchi,1935
ranchi,pune,1675
pune,ranchi,1675
shillong,ahmedabad,2839
ahmedabad,shillong,2839
shillong,bangalore,3242
bangalore,shillong,3242
shillong,bhubaneshwar,1640
bhubaneshwar,shillong,1640
shillong,bombay,3011
bombay,shillong,3011
shillong,calcutta,1281
calcutta,shillong,1281
shillong,chandigarh,2416
chandigarh,shillong,2416
shillong,cochin,3599
cochin,shillong,3599
shillong,delhi,2126
delhi,shillong,2126
shillong,hyderabad,1309
hyderabad,shillong,1309
shillong,indore,2309
indore,shillong,2309
shillong,jaipur,2229
jaipur,shillong,2229
shillong,kanpur,1699
kanpur,shillong,1699
shillong,lucknow,1670
lucknow,shillong,1670
shillong,madras,2911
madras,shillong,2911
shillong,nagpur,2114
nagpur,shillong,2114
shillong,nasik,2800
nasik,shillong,2800
shillong,panjim,2925
panjim,shillong,2925
shillong,patna,1019
patna,shillong,1019
shillong,pondicherry,3079
pondicherry,shillong,3079
shillong,pune,2860
pune,shillong,2860
shimla,ahmedabad,1256
ahmedabad,shimla,1256
shimla,bangalore,2395
bangalore,shimla,2395
shimla,bhubaneshwar,2127
bhubaneshwar,shimla,2127
shimla,bombay,1753
bombay,shimla,1753
shimla,calcutta,1839
calcutta,shimla,1839
shimla,chandigarh,99
chandigarh,shimla,99
shimla,cochin,3056
cochin,shimla,3056
shimla,delhi,365
delhi,shimla,365
shimla,hyderabad,1812
hyderabad,shimla,1812
shimla,indore,1171
indore,shimla,1171
shimla,jaipur,636
jaipur,shimla,636
shimla,kanpur,846
kanpur,shimla,846
shimla,lucknow,659
lucknow,shimla,659
shimla,madras,2588
madras,shimla,2588
shimla,nagpur,1336
nagpur,shimla,1336
shimla,nasik,1567
nasik,shimla,1567
shimla,panjim,2130
panjim,shimla,2130
shimla,patna,1434
patna,shimla,1434
shimla,pondicherry,2759
pondicherry,shimla,2759
shimla,pune,1782
pune,shimla,1782
surat,ahmedabad,263
ahmedabad,surat,263
surat,bangalore,1264
bangalore,surat,1264
surat,bhubaneshwar,1579
bhubaneshwar,surat,1579
surat,bombay,301
bombay,surat,301
surat,calcutta,1912
calcutta,surat,1912
surat,chandigarh,1325
chandigarh,surat,1325
surat,cochin,1593
cochin,surat,1593
surat,delhi,1182
delhi,surat,1182
surat,hyderabad,983
hyderabad,surat,983
surat,indore,607
indore,surat,607
surat,jaipur,932
jaipur,surat,932
surat,kanpur,1296
kanpur,surat,1296
surat,lucknow,1375
lucknow,surat,1375
surat,madras,1695
madras,surat,1695
surat,nagpur,749
nagpur,surat,749
surat,nasik,262
nasik,surat,262
surat,panjim,913
panjim,surat,913
surat,patna,1742
patna,surat,1742
surat,pondicherry,1789
pondicherry,surat,1789
surat,pune,412
pune,surat,412
trivandrum,ahmedabad,2197
ahmedabad,trivandrum,2197
trivandrum,bangalore,696
bangalore,trivandrum,696
trivandrum,bhubaneshwar,1953
bhubaneshwar,trivandrum,1953
trivandrum,bombay,1376
bombay,trivandrum,1376
trivandrum,calcutta,2376
calcutta,trivandrum,2376
trivandrum,chandigarh,3051
chandigarh,trivandrum,3051
trivandrum,cochin,218
cochin,trivandrum,218
trivandrum,delhi,1950
delhi,trivandrum,1950
trivandrum,hyderabad,1261
hyderabad,trivandrum,1261
trivandrum,indore,2156
indore,trivandrum,2156
trivandrum,jaipur,2782
jaipur,trivandrum,2782
trivandrum,kanpur,2611
kanpur,trivandrum,2611
trivandrum,lucknow,2690
lucknow,trivandrum,2690
trivandrum,madras,748
madras,trivandrum,748
trivandrum,nagpur,1834
nagpur,trivandrum,1834
trivandrum,nasik,1742
nasik,trivandrum,1742
trivandrum,panjim,792
panjim,trivandrum,792
trivandrum,patna,2827
patna,trivandrum,2827
trivandrum,pondicherry,622
pondicherry,trivandrum,622
trivandrum,pune,1533
pune,trivandrum,1533
varanasi,ahmedabad,1373
ahmedabad,varanasi,1373
varanasi,bangalore,1791
bangalore,varanasi,1791
varanasi,bhubaneshwar,968
bhubaneshwar,varanasi,968
varanasi,bombay,1597
bombay,varanasi,1597
varanasi,calcutta,695
calcutta,varanasi,695
varanasi,chandigarh,1032
chandigarh,varanasi,1032
varanasi,cochin,2331
cochin,varanasi,2331
varanasi,delhi,745
delhi,varanasi,745
varanasi,hyderabad,1189
hyderabad,varanasi,1189
varanasi,indore,925
indore,varanasi,925
varanasi,jaipur,835
jaipur,varanasi,835
varanasi,kanpur,315
kanpur,varanasi,315
varanasi,lucknow,286
lucknow,varanasi,286
varanasi,madras,1985
madras,varanasi,1985
varanasi,nagpur,713
nagpur,varanasi,713
varanasi,nasik,1399
nasik,varanasi,1399
varanasi,panjim,1524
panjim,varanasi,1524
varanasi,patna,280
patna,varanasi,280
varanasi,pondicherry,2153
pondicherry,varanasi,2153
varanasi,pune,1459
pune,varanasi,1459
vijayawada,ahmedabad,1705
ahmedabad,vijayawada,1705
vijayawada,bangalore,637
bangalore,vijayawada,637
vijayawada,bhubaneshwar,775
bhubaneshwar,vijayawada,775
vijayawada,bombay,973
bombay,vijayawada,973
vijayawada,calcutta,1198
calcutta,vijayawada,1198
vijayawada,chandigarh,1959
chandigarh,vijayawada,1959
vijayawada,cochin,1174
cochin,vijayawada,1174
vijayawada,delhi,1716
delhi,vijayawada,1716
vijayawada,hyderabad,269
hyderabad,vijayawada,269
vijayawada,indore,1255
indore,vijayawada,1255
vijayawada,jaipur,1660
jaipur,vijayawada,1660
vijayawada,kanpur,1519
kanpur,vijayawada,1519
vijayawada,lucknow,1598
lucknow,vijayawada,1598
vijayawada,madras,432
madras,vijayawada,432
vijayawada,nagpur,742
nagpur,vijayawada,742
vijayawada,nasik,1428
nasik,vijayawada,1428
vijayawada,panjim,876
panjim,vijayawada,876
vijayawada,patna,1664
patna,vijayawada,1664
vijayawada,pondicherry,598
pondicherry,vijayawada,598
vijayawada,pune,842
pune,vijayawada,842
vishakapatnam,ahmedabad,1815
ahmedabad,vishakapatnam,1815
vishakapatnam,bangalore,1093
bangalore,vishakapatnam,1093
vishakapatnam,bhubaneshwar,445
bhubaneshwar,vishakapatnam,445
vishakapatnam,bombay,1754
bombay,vishakapatnam,1754
vishakapatnam,calcutta,868
calcutta,vishakapatnam,868
vishakapatnam,chandigarh,2127
chandigarh,vishakapatnam,2127
vishakapatnam,cochin,1449
cochin,vishakapatnam,1449
vishakapatnam,delhi,1881
delhi,vishakapatnam,1881
vishakapatnam,hyderabad,599
hyderabad,vishakapatnam,599
vishakapatnam,indore,1433
indore,vishakapatnam,1433
vishakapatnam,jaipur,1838
jaipur,vishakapatnam,1838
vishakapatnam,kanpur,1687
kanpur,vishakapatnam,1687
vishakapatnam,lucknow,1765
lucknow,vishakapatnam,1765
vishakapatnam,madras,762
madras,vishakapatnam,762
vishakapatnam,nagpur,910
nagpur,vishakapatnam,910
vishakapatnam,nasik,1596
nasik,vishakapatnam,1596
vishakapatnam,panjim,1206
panjim,vishakapatnam,1206
vishakapatnam,patna,1334
patna,vishakapatnam,1334
vishakapatnam,pondicherry,930
pondicherry,vishakapatnam,930
vishakapatnam,pune,1658
pune,vishakapatnam,1658
